{"cameraMode":{"drawMode":0,"name":"Shaded","section":"Shading Mode"},"sceneLighting":true,"audioPlay":false,"sceneViewState":{"m_AlwaysRefresh":false,"showFog":true,"showSkybox":true,"showFlares":true,"showImageEffects":true,"showParticleSystems":true,"showVisualEffectGraphs":true,"m_FxEnabled":true},"in2DMode":false,"pivot":{"x":-0.1461493819952011,"y":-1.9993400573730469,"z":-3.6698317527770998},"rotation":{"x":0.6353811025619507,"y":-0.00046505688806064427,"z":0.0003819860576186329,"w":0.7722018957138062},"size":13.637694358825684,"orthographic":false}